{
    "loss": 0.31214551333078117,
    "iou": 0.614740038535834,
    "foreground_iou": 0.614740038535834,
    "background_iou": 0.9685713284435462,
    "miou": 0.7916556844283577,
    "dice": 0.709697344155519,
    "precision": 0.7551021703020981,
    "recall": 0.7968021564346012
}