{
    "mask_derived_gt": {
        "MAE (pp)": 0.8846053041725039,
        "RMSE (pp)": 1.9897498932099835,
        "Bias (pp)": 0.3033248969273289,
        "Pearson R": 0.9884700368806775,
        "R\u00b2": 0.9703921649838213,
        "MAPE (%)": 32.614594108095936
    },
    "csv_gt": {
        "MAE (pp)": 0.8942992117619174,
        "RMSE (pp)": 2.003821650374106,
        "Bias (pp)": 0.3593090601888582,
        "Pearson R": 0.9884722828510419,
        "R\u00b2": 0.9698900647734475,
        "MAPE (%)": 35.06402008915288
    }
}