{
    "loss": 0.2546791476442626,
    "iou": 0.679510213826832,
    "dice": 0.7708958881466013,
    "precision": 0.8145147138520291,
    "recall": 0.8105518292439612
}