{
    "loss": 0.36330284668426766,
    "iou": 0.5842983265848536,
    "dice": 0.6771310563934477,
    "precision": 0.80538241800509,
    "recall": 0.6973943275056387
}