{
    "mask_derived_gt": {
        "MAE (pp)": 1.087555929003562,
        "RMSE (pp)": 2.081264406992749,
        "Bias (pp)": -0.43716815453134106,
        "Pearson R": 0.9864493185546019,
        "R\u00b2": 0.9676060292106996,
        "MAPE (%)": 42.369576767899105
    },
    "csv_gt": {
        "MAE (pp)": 1.095633109843612,
        "RMSE (pp)": 2.0936936204548435,
        "Bias (pp)": -0.3811839912698118,
        "Pearson R": 0.9859215654676213,
        "R\u00b2": 0.967128618902704,
        "MAPE (%)": 44.782700132569374
    }
}