{
    "loss": 0.25027324470054163,
    "iou": 0.6527072975510045,
    "foreground_iou": 0.6527072975510045,
    "background_iou": 0.9701152239975176,
    "miou": 0.811411263127076,
    "dice": 0.750816533047902,
    "precision": 0.7812476044422701,
    "recall": 0.7979499580044496
}